Taille,moyenne,maximum
1000,7.0254,33.7008
5000,2.75042,4.9652
10000,6.01168,16.3113
20000,10.3125,23.6367
50000,19.99702,45.1315
80000,28.21206,42.699
120000,43.71854,56.0021
200000,84.3892,95.4967
