Taille,moyenne,maximum
1000,0.01791,1.0089
5000,0.0262,9.7376
10000,0.01282,2.3989
20000,0.01,1.0292
50000,0.0146,3.9158
80000,0.0121,8.668
120000,0.01111,5.1122
200000,0.01246,7.2153
