Taille,moyenne_tas,maximum_tas,moyenne_file,max_file
200,0.00295,0.0179,0.0171,0.1785
500,0.00288,0.1593,0.00698,0.128
1000,0.00065,0.003,0.00196,0.0182
5000,0.00051,0.0029,0.0013,0.0342
10000,0.00105,0.6885,0.0036,3.3657
20000,0.00074,0.0764,0.00177,0.2072
