Taille,moyenne,maximum
1000,2.2753,10.2594
5000,2.6812,6.0976
10000,5.485,12.5355
20000,11.88834,28.4334
50000,24.0054,56.6933
80000,31.41944,32.8252
120000,51.76226,71.9753
200000,80.4552,81.82169
