Taille,moyenne,maximum
1000,2.52254,11.5967
5000,1.91298,4.9787
10000,2.49354,2.9711
20000,4.69124,8.0536
50000,13.65818,18.429
80000,22.71318,28.4228
120000,30.513,36.4957
200000,48.94534,44.992
