Taille,moyenne,maximum
1000,4.4133,18.5533
5000,10.79976,47.6615
10000,4.61662,6.4658
20000,8.8413,10.5387
50000,21.41542,25.0015
80000,30.98646,40.9513
120000,45.2494,64.0728
200000,68.77982,108.9863
