Taille,moyenne,maximum
1000,1.39992,3.2577
5000,5.4008,9.0375
10000,11.80138,16.8595
20000,37.7594,72.2344
50000,52.63778,68.52969
80000,80.62102,94.7102
120000,115.7823,182.4538
200000,229.45398,322.4838
