Taille,moyenne_tas,maximum_tas,moyenne_file,max_file
1000,35.74512,76.1927,110.18414,365.3306
5000,25.36588,27.9565,51.38722,69.3853
10000,26.83768,35.5336,51.53266,72.6632
20000,25.43024,27.0276,55.29982,73.2611
50000,29.21012,34.8596,77.89085,136.2303
80000,25.5791,29.519,49.99422,65.6053
120000,25.13428,28.2464,39.56346,50.5635
200000,24.45234,29.8164,46.34102,52.3158
