Taille,moyenne_tas,maximum_tas,moyenne_file,max_file
1000,0.09372,7.9332,0.02726,1.9985
5000,0.0383,14.7729,0.01936,8.234
10000,0.02343,3.7194,0.01024,3.0017
20000,0.02311,9.9983,0.00809,4.3106
50000,0.02571,14.3292,0.01072,10.4365
80000,0.02638,11.0332,0.0093,10.3611
120000,0.0282,42.405,0.0096,16.7116
200000,0.02291,15.1425,0.00807,18.4238
