Taille,moyenne,maximum
1000,0.01372,0.4401
5000,0.01276,2.2712
10000,0.00847,1.8687
20000,0.00798,13.4504
50000,0.00742,4.1563
80000,0.00718,6.3421
120000,0.00629,10.2834
200000,0.00739,11.137
