Taille,moyenne,maximum
1000,0.02331,1.4084
5000,0.02563,6.9819
10000,0.01737,3.2785
20000,0.02914,23.608
50000,0.01981,10.5835
80000,0.02293,75.03169
120000,0.02012,8.5677
200000,0.02586,12.7418
