Taille,moyenne,maximum
1000,0.01545,0.3989
5000,0.01821,2.1049
10000,0.01315,1.165
20000,0.01532,2.9905
50000,0.01762,9.3761
80000,0.01535,10.4889
120000,0.0163,12.3168
200000,0.02202,161.06641
