Taille,moyenne_tas,maximum_tas,moyenne_file,max_file
1000,45.37473,176.9561,0.04405,0.8734
5000,58.68741,174.2576,0.02913,0.4814
10000,73.68755,123.5469,0.01972,0.2806
20000,127.92377,304.35208,0.0111,0.071
50000,262.75183,509.8215,0.00748,0.0222
80000,451.49152,1295.15369,0.00982,0.0605
120000,665.92139,1401.14612,0.02219,0.2773
200000,1299.87048,3170.63135,0.00883,0.0298
