Taille,moyenne,maximum
1000,4.73466,23.3743
5000,16.77024,43.4058
10000,21.02307,42.9845
20000,44.59339,59.004
50000,135.84523,250.9408
80000,267.29959,411.689
120000,359.93115,530.27917
200000,540.97516,637.52747
