Taille,moyenne_tas,maximum_tas,moyenne_file,max_file
1000,64.65737,275.52771,0.06933,0.3032
5000,36.65851,114.38351,0.0228,0.1591
10000,46.85601,99.26311,0.00802,0.0362
20000,81.86878,244.39209,0.00625,0.0205
50000,175.6575,470.90469,0.01126,0.1365
80000,317.72458,900.74115,0.02496,0.4347
120000,614.88788,2108.39917,0.0103,0.0754
200000,888.01672,1811.31543,0.00794,0.0703
