Taille,moyenne,maximum
1000,0.00468,0.0191
5000,0.00345,0.0043
10000,0.00372,0.0042
20000,0.00405,0.0047
50000,0.00395,0.0045
80000,0.004,0.0046
120000,0.00416,0.005
200000,0.00412,0.0047
