Taille,moyenne,maximum
1000,3.31538,8.2049
5000,13.71271,21.9443
10000,23.02903,30.595
20000,44.13178,61.8892
50000,148.26286,276.75821
80000,207.49072,276.48862
120000,309.47247,402.38773
200000,677.35608,928.659
